{
  "b": 155,
  "disableInputWhenNotFocused": true,
  "mangledName": "Fase1",
  "name": "Fase1",
  "oglFOV": 90,
  "oglZFar": 500,
  "oglZNear": 1,
  "r": 155,
  "standardSortMethod": true,
  "stopSoundsOnStartup": true,
  "title": "",
  "v": 155,
  "uiSettings": {
    "grid": false,
    "gridB": 255,
    "gridG": 180,
    "gridHeight": 32,
    "gridOffsetX": 0,
    "gridOffsetY": 0,
    "gridR": 158,
    "gridWidth": 32,
    "snap": true,
    "windowMask": false,
    "zoomFactor": 0.952
  },
  "objectsGroups": [],
  "variables": [],
  "instances": [
    {
      "angle": 0,
      "customSize": false,
      "height": 0,
      "layer": "",
      "locked": false,
      "name": "xico",
      "persistentUuid": "39bd411e-300c-48fc-a90b-bf229940b617",
      "width": 0,
      "x": 192,
      "y": 228,
      "zOrder": 1,
      "numberProperties": [],
      "stringProperties": [],
      "initialVariables": []
    },
    {
      "angle": 0,
      "customSize": false,
      "height": 0,
      "layer": "",
      "locked": false,
      "name": "mira",
      "persistentUuid": "a49ec312-40ad-4057-b438-ab3ece7e9a9c",
      "width": 0,
      "x": 359,
      "y": 234,
      "zOrder": 2,
      "numberProperties": [],
      "stringProperties": [],
      "initialVariables": []
    }
  ],
  "objects": [
    {
      "name": "xico",
      "tags": "",
      "type": "Sprite",
      "updateIfNotVisible": false,
      "variables": [],
      "behaviors": [
        {
          "acceleration": 1200,
          "allowDiagonals": true,
          "angleOffset": 0,
          "angularMaxSpeed": 180,
          "deceleration": 1200,
          "ignoreDefaultControls": false,
          "maxSpeed": 200,
          "name": "TopDownMovement",
          "rotateObject": false,
          "type": "TopDownMovementBehavior::TopDownMovementBehavior"
        }
      ],
      "animations": [
        {
          "name": "Xico",
          "useMultipleDirections": false,
          "directions": [
            {
              "looping": false,
              "timeBetweenFrames": 0.08,
              "sprites": [
                {
                  "hasCustomCollisionMask": false,
                  "image": "player\\Xico-1.png",
                  "points": [
                    {
                      "name": "tiro",
                      "x": 64,
                      "y": 42
                    }
                  ],
                  "originPoint": {
                    "name": "origine",
                    "x": 0,
                    "y": 0
                  },
                  "centerPoint": {
                    "automatic": false,
                    "name": "centre",
                    "x": 32,
                    "y": 42
                  },
                  "customCollisionMask": []
                }
              ]
            }
          ]
        }
      ]
    },
    {
      "name": "mira",
      "tags": "",
      "type": "Sprite",
      "updateIfNotVisible": false,
      "variables": [],
      "behaviors": [],
      "animations": [
        {
          "name": "mira",
          "useMultipleDirections": false,
          "directions": [
            {
              "looping": false,
              "timeBetweenFrames": 0.08,
              "sprites": [
                {
                  "hasCustomCollisionMask": false,
                  "image": "player\\mira-1.png",
                  "points": [],
                  "originPoint": {
                    "name": "origine",
                    "x": 16,
                    "y": 16
                  },
                  "centerPoint": {
                    "automatic": true,
                    "name": "centre",
                    "x": 0,
                    "y": 0
                  },
                  "customCollisionMask": []
                }
              ]
            }
          ]
        }
      ]
    },
    {
      "name": "bala",
      "tags": "",
      "type": "Sprite",
      "updateIfNotVisible": false,
      "variables": [],
      "behaviors": [
        {
          "extraBorder": 0,
          "name": "DestroyOutside",
          "type": "DestroyOutsideBehavior::DestroyOutside"
        }
      ],
      "animations": [
        {
          "name": "bala",
          "useMultipleDirections": false,
          "directions": [
            {
              "looping": false,
              "timeBetweenFrames": 0.08,
              "sprites": [
                {
                  "hasCustomCollisionMask": false,
                  "image": "player\\bala-1.png",
                  "points": [],
                  "originPoint": {
                    "name": "origine",
                    "x": 5,
                    "y": 5
                  },
                  "centerPoint": {
                    "automatic": true,
                    "name": "centre",
                    "x": 0,
                    "y": 0
                  },
                  "customCollisionMask": []
                }
              ]
            }
          ]
        }
      ]
    }
  ],
  "events": [
    {
      "colorB": 228,
      "colorG": 176,
      "colorR": 74,
      "creationTime": 0,
      "disabled": false,
      "folded": false,
      "name": "Xicó evento",
      "source": "",
      "type": "BuiltinCommonInstructions::Group",
      "events": [
        {
          "disabled": false,
          "folded": false,
          "type": "BuiltinCommonInstructions::Link",
          "include": {
            "includeConfig": 0
          },
          "target": "xicoEvents"
        }
      ],
      "parameters": []
    }
  ],
  "layers": [
    {
      "name": "",
      "visibility": true,
      "cameras": [
        {
          "defaultSize": true,
          "defaultViewport": true,
          "height": 0,
          "viewportBottom": 1,
          "viewportLeft": 0,
          "viewportRight": 1,
          "viewportTop": 0,
          "width": 0
        }
      ],
      "effects": []
    }
  ],
  "behaviorsSharedData": [
    {
      "name": "TopDownMovement",
      "type": "TopDownMovementBehavior::TopDownMovementBehavior"
    }
  ]
}